{
  "Logistic Regression (Balanced)": {
    "f1_optimal": 0.7662653925902115,
    "best_f1": 0.2350332558990369
  },
  "Random Forest (Balanced)": {
    "f1_optimal": 0.8604454165374905,
    "best_f1": 0.41666666176701395
  },
  "Gradient Boosting (Calibrated)": {
    "f1_optimal": 0.22619347966248982,
    "best_f1": 0.438016524036268
  }
}